{
    "learning_rate": 0.03436829318347571,
    "n_estimators": 2555,
    "num_leaves": 52,
    "reg_alpha": 0.018519239050037963,
    "reg_lambda": 12.498987274272395
}