{
    "learning_rate": 0.004247514761849707,
    "n_estimators": 1051,
    "num_leaves": 20,
    "reg_alpha": 1.5411947791895373,
    "reg_lambda": 0.038353121139382364,
    "colsample_bytree": 0.5804388304170605,
    "subsample": 0.792826036820945
}