{
    "learning_rate": 0.04512640045379779,
    "n_estimators": 2496,
    "num_leaves": 61,
    "reg_alpha": 0.04258094679429419,
    "reg_lambda": 0.5991773878715426
}