{
    "learning_rate": 0.009715956724616838,
    "n_estimators": 2959,
    "num_leaves": 48,
    "reg_alpha": 0.016905578261010804,
    "reg_lambda": 0.15553507498301247,
    "colsample_bytree": 0.714662244525444,
    "subsample": 0.7151889950334166,
    "min_child_samples": 19
}