{
    "learning_rate": 0.012797333640436398,
    "n_estimators": 720,
    "num_leaves": 16,
    "reg_alpha": 0.0640577043323959,
    "reg_lambda": 0.015615165094407055,
    "colsample_bytree": 0.9944221981078964,
    "subsample": 0.8382548697306671
}