{
    "hidden_dim": 256,
    "encoding_dim": 16,
    "n_hidden_layers": 1,
    "dropout_rate": 0.31151270371883855,
    "learning_rate": 0.003964600735017806,
    "recon_weight": 0.35489913889219027
}