{
    "n_estimators": 4121,
    "learning_rate": 0.014601190758335828,
    "num_leaves": 87,
    "reg_alpha": 0.12903125728605677,
    "reg_lambda": 0.1650990354362272,
    "colsample_bytree": 0.41479876631305745,
    "subsample": 0.8480068503424331,
    "min_child_samples": 86,
    "is_unbalance": false
}