{
    "learning_rate": 0.022973157146375944,
    "n_estimators": 2712,
    "num_leaves": 88,
    "reg_alpha": 0.011547011203861698,
    "reg_lambda": 0.010348704708598925,
    "colsample_bytree": 0.8981071282918854,
    "subsample": 0.5831166281235817,
    "min_child_samples": 17
}