{
    "n_estimators": 2922,
    "learning_rate": 0.04989633527356361,
    "num_leaves": 25,
    "reg_alpha": 3.8128347653809445,
    "reg_lambda": 5.991051240075436,
    "colsample_bytree": 0.7961853872629103,
    "subsample": 0.9320160199062059,
    "min_child_samples": 83
}